-- MySQL dump 10.13  Distrib 5.5.62, for Win64 (AMD64)
--
-- Host: 192.168.50.30    Database: turnos_comedor
-- ------------------------------------------------------
-- Server version	5.7.31-log

/*!40101 SET @OLD_CHARACTER_SET_CLIENT=@@CHARACTER_SET_CLIENT */;
/*!40101 SET @OLD_CHARACTER_SET_RESULTS=@@CHARACTER_SET_RESULTS */;
/*!40101 SET @OLD_COLLATION_CONNECTION=@@COLLATION_CONNECTION */;
/*!40101 SET NAMES utf8 */;
/*!40103 SET @OLD_TIME_ZONE=@@TIME_ZONE */;
/*!40103 SET TIME_ZONE='+00:00' */;
/*!40014 SET @OLD_UNIQUE_CHECKS=@@UNIQUE_CHECKS, UNIQUE_CHECKS=0 */;
/*!40014 SET @OLD_FOREIGN_KEY_CHECKS=@@FOREIGN_KEY_CHECKS, FOREIGN_KEY_CHECKS=0 */;
/*!40101 SET @OLD_SQL_MODE=@@SQL_MODE, SQL_MODE='NO_AUTO_VALUE_ON_ZERO' */;
/*!40111 SET @OLD_SQL_NOTES=@@SQL_NOTES, SQL_NOTES=0 */;

--
-- Table structure for table `sectores`
--

DROP TABLE IF EXISTS `sectores`;
/*!40101 SET @saved_cs_client     = @@character_set_client */;
/*!40101 SET character_set_client = utf8 */;
CREATE TABLE `sectores` (
  `id_sector` int(11) NOT NULL AUTO_INCREMENT,
  `descripcion` varchar(45) NOT NULL,
  PRIMARY KEY (`id_sector`)
) ENGINE=InnoDB AUTO_INCREMENT=15 DEFAULT CHARSET=utf8;
/*!40101 SET character_set_client = @saved_cs_client */;

--
-- Dumping data for table `sectores`
--

LOCK TABLES `sectores` WRITE;
/*!40000 ALTER TABLE `sectores` DISABLE KEYS */;
INSERT INTO `sectores` VALUES (1,'Deposito'),(2,'Finanzas'),(3,'EHS'),(4,'Ing y Mant'),(5,'Produccion'),(6,'QA'),(7,'QC'),(8,'Sistemas'),(9,'RRHH'),(10,'PST'),(11,'Registros'),(12,'Est Clinicos'),(13,'Contaduria'),(14,'QA-IT');
/*!40000 ALTER TABLE `sectores` ENABLE KEYS */;
UNLOCK TABLES;

--
-- Table structure for table `turnos`
--

DROP TABLE IF EXISTS `turnos`;
/*!40101 SET @saved_cs_client     = @@character_set_client */;
/*!40101 SET character_set_client = utf8 */;
CREATE TABLE `turnos` (
  `id_turno` int(11) NOT NULL AUTO_INCREMENT,
  `dia` text NOT NULL,
  `hora` text NOT NULL,
  `posicion` text NOT NULL,
  `reservado` text,
  `user` text,
  `nDia` int(2) NOT NULL,
  PRIMARY KEY (`id_turno`)
) ENGINE=InnoDB AUTO_INCREMENT=786 DEFAULT CHARSET=utf8;
/*!40101 SET character_set_client = @saved_cs_client */;

--
-- Dumping data for table `turnos`
--

LOCK TABLES `turnos` WRITE;
/*!40000 ALTER TABLE `turnos` DISABLE KEYS */;
INSERT INTO `turnos` VALUES (397,'Lunes','11:30','1E','movil',' ',1),(399,'Lunes','11:30','2D','movil','',1),(400,'Lunes','11:30','2E','movil','',1),(401,'Lunes','11:30','2F','movil','',1),(402,'Lunes','11:30','2G','movil','',1),(403,'Lunes','11:30','3A','movil','',1),(404,'Lunes','11:30','3B','movil','',1),(405,'Lunes','11:30','3C','movil','',1),(406,'Lunes','11:30','3D','movil','',1),(407,'Lunes','11:30','3E','movil','',1),(408,'Lunes','11:30','3F','movil','',1),(409,'Lunes','11:30','4A','movil','',1),(410,'Lunes','11:30','4C','movil','',1),(411,'Lunes','11:30','4D','movil','',1),(412,'Lunes','11:30','4E','movil','',1),(413,'Lunes','11:30','4F','movil','',1),(414,'Lunes','11:30','4G','movil','',1),(415,'Lunes','11:30','5D','movil','',1),(416,'Lunes','11:30','5E','movil','',1),(417,'Lunes','11:30','5F','movil','',1),(418,'Lunes','11:30','5G','movil','',1),(419,'Lunes','11:30','6A','movil','',1),(420,'Lunes','11:30','6B','movil','',1),(421,'Lunes','11:30','6C','movil','',1),(422,'Lunes','11:30','6D','movil','',1),(423,'Lunes','11:30','6E','movil','',1),(424,'Lunes','11:30','6F','movil','',1),(425,'Lunes','11:30','6G','movil','',1),(426,'Lunes','11:30','7A','movil','',1),(427,'Lunes','11:30','7B','movil','',1),(428,'Lunes','11:30','7C','movil','',1),(429,'Lunes','11:30','7E','movil',' ',1),(430,'Lunes','12:00','1E','movil',' ',1),(432,'Lunes','12:00','7E','movil',' ',1),(434,'Lunes','12:30','5G','movil','',1),(436,'Lunes','13:00','4G','movil','pmoyano',1),(438,'Lunes','13:00','6G','movil','wmendez',1),(439,'Lunes','13:00','7E','movil','wmendez',1),(440,'Lunes','13:30','1E','movil','',1),(441,'Lunes','13:30','2G','movil',' ',1),(442,'Lunes','14:00','2D','movil','',1),(443,'Lunes','14:00','2F','movil','',1),(445,'Lunes','14:00','5E','movil',' ',1),(446,'Lunes','14:00','6E','movil',' ',1),(447,'Lunes','14:00','6G','movil',' ',1),(448,'Lunes','14:00','7E','movil','',1),(449,'Lunes','14:30','1C','movil','',1),(450,'Lunes','14:30','1D','movil',' ',1),(451,'Lunes','14:30','1E','movil','',1),(452,'Lunes','14:30','2B','movil',' ',1),(453,'Lunes','14:30','2C','movil','',1),(454,'Lunes','14:30','2E','movil','',1),(455,'Lunes','14:30','2G','movil','',1),(456,'Lunes','14:30','3A','movil','',1),(457,'Lunes','14:30','3B','movil','',1),(458,'Lunes','14:30','4B','movil','',1),(459,'Lunes','14:30','4C','movil','',1),(463,'Lunes','14:30','4G','movil','',1),(464,'Lunes','14:30','5A','movil',' ',1),(465,'Lunes','14:30','5B','movil',' ',1),(466,'Lunes','14:30','5C','movil',' ',1),(467,'Lunes','14:30','5E','movil',' ',1),(468,'Lunes','14:30','5G','movil',' ',1),(469,'Lunes','14:30','6A','movil',' ',1),(470,'Lunes','14:30','6B','movil',' ',1),(471,'Lunes','14:30','6C','movil',' ',1),(472,'Lunes','14:30','6D','movil',' ',1),(473,'Lunes','14:30','6G','movil',' ',1),(474,'Lunes','14:30','7C','movil',' ',1),(475,'Lunes','14:30','7E','movil','lcaceres',1),(476,'Martes','11:30','1E','movil','',2),(478,'Martes','11:30','2D','movil','',2),(479,'Martes','11:30','2E','movil','',2),(480,'Martes','11:30','2F','movil','',2),(481,'Martes','11:30','2G','movil','',2),(482,'Martes','11:30','3A','movil','',2),(483,'Martes','11:30','3B','movil','',2),(484,'Martes','11:30','3C','movil','',2),(485,'Martes','11:30','3D','movil','',2),(486,'Martes','11:30','3E','movil','',2),(487,'Martes','11:30','3F','movil','',2),(488,'Martes','11:30','4A','movil','',2),(489,'Martes','11:30','4C','movil','',2),(490,'Martes','11:30','4D','movil','',2),(491,'Martes','11:30','4E','movil','',2),(492,'Martes','11:30','4F','movil','',2),(493,'Martes','11:30','4G','movil','',2),(494,'Martes','11:30','5D','movil','',2),(495,'Martes','11:30','5E','movil','',2),(496,'Martes','11:30','5F','movil','',2),(497,'Martes','11:30','5G','movil','',2),(498,'Martes','11:30','6A','movil','',2),(499,'Martes','11:30','6B','movil','',2),(500,'Martes','11:30','6C','movil','',2),(501,'Martes','11:30','6D','movil','',2),(502,'Martes','11:30','6E','movil','',2),(503,'Martes','11:30','6F','movil','',2),(504,'Martes','11:30','6G','movil','',2),(505,'Martes','11:30','7A','movil','',2),(506,'Martes','11:30','7B','movil','',2),(507,'Martes','11:30','7C','movil','',2),(508,'Martes','11:30','7E','movil','',2),(509,'Martes','12:00','1E','movil',' ',2),(511,'Martes','12:00','7E','movil',' ',2),(513,'Martes','12:30','5G','movil',' ',2),(515,'Martes','13:00','4G','movil',' ',2),(517,'Martes','13:00','6G','movil','isalariato',2),(518,'Martes','13:00','7E','movil',' ',2),(519,'Martes','13:30','1E','movil','',2),(520,'Martes','13:30','2G','movil','',2),(521,'Martes','13:30','6G','movil',' ',2),(522,'Martes','14:00','1E','movil','',2),(523,'Martes','14:00','2D','movil',' ',2),(524,'Martes','14:00','2F','movil',' ',2),(526,'Martes','14:00','5E','movil',' ',2),(527,'Martes','14:00','6G','movil',' ',2),(528,'Martes','14:00','7E','movil','',2),(529,'Martes','14:30','1B','movil',' ',2),(530,'Martes','14:30','1E','movil','',2),(531,'Martes','14:30','2B','movil','',2),(532,'Martes','14:30','2C','movil',' ',2),(533,'Martes','14:30','2D','movil','',2),(534,'Martes','14:30','2G','movil','',2),(535,'Martes','14:30','3D','movil',' ',2),(536,'Martes','14:30','3E','movil',' ',2),(537,'Martes','14:30','3F','movil',' ',2),(538,'Martes','14:30','4A','movil',' ',2),(539,'Martes','14:30','4B','movil',' ',2),(540,'Martes','14:30','4G','movil','',2),(541,'Martes','14:30','5C','movil','',2),(542,'Martes','14:30','5E','movil','',2),(543,'Martes','14:30','5G','movil','',2),(544,'Martes','14:30','6A','movil',' ',2),(545,'Martes','14:30','6B','movil',' ',2),(546,'Martes','14:30','6C','movil',' ',2),(547,'Martes','14:30','6D','movil',' ',2),(548,'Martes','14:30','6G','movil',' ',2),(549,'Martes','14:30','7E','movil',' ',2),(550,'Miercoles','11:30','1E','movil','',3),(552,'Miercoles','11:30','2D','movil','',3),(553,'Miercoles','11:30','2E','movil','',3),(554,'Miercoles','11:30','2F','movil','',3),(555,'Miercoles','11:30','2G','movil','',3),(556,'Miercoles','11:30','3A','movil','',3),(557,'Miercoles','11:30','3B','movil','',3),(558,'Miercoles','11:30','3C','movil','',3),(559,'Miercoles','11:30','3D','movil','',3),(560,'Miercoles','11:30','3E','movil','',3),(561,'Miercoles','11:30','3F','movil','',3),(562,'Miercoles','11:30','4A','movil','',3),(563,'Miercoles','11:30','4C','movil','',3),(564,'Miercoles','11:30','4D','movil','',3),(565,'Miercoles','11:30','4E','movil','',3),(566,'Miercoles','11:30','4F','movil','',3),(567,'Miercoles','11:30','4G','movil','',3),(568,'Miercoles','11:30','5D','movil','',3),(569,'Miercoles','11:30','5E','movil','',3),(570,'Miercoles','11:30','5F','movil','',3),(571,'Miercoles','11:30','5G','movil','',3),(572,'Miercoles','11:30','6A','movil','',3),(573,'Miercoles','11:30','6B','movil','',3),(574,'Miercoles','11:30','6C','movil','',3),(575,'Miercoles','11:30','6D','movil','',3),(576,'Miercoles','11:30','6E','movil','',3),(577,'Miercoles','11:30','6F','movil','',3),(578,'Miercoles','11:30','6G','movil','',3),(579,'Miercoles','11:30','7A','movil','',3),(580,'Miercoles','11:30','7B','movil','',3),(581,'Miercoles','11:30','7C','movil','',3),(582,'Miercoles','11:30','7E','movil','',3),(583,'Miercoles','12:00','1E','movil','',3),(585,'Miercoles','12:00','7E','movil',' ',3),(587,'Miercoles','12:30','5G','movil','',3),(589,'Miercoles','13:00','4G','movil',' ',3),(591,'Miercoles','13:00','6G','movil',' ',3),(592,'Miercoles','13:00','7E','movil',' ',3),(593,'Miercoles','13:30','1E','movil',' ',3),(594,'Miercoles','13:30','2G','movil',' ',3),(595,'Miercoles','14:00','2D','movil','',3),(596,'Miercoles','14:00','2F','movil','',3),(598,'Miercoles','14:00','5E','movil','',3),(599,'Miercoles','14:00','6G','movil','',3),(600,'Miercoles','14:00','7E','movil','',3),(601,'Miercoles','14:30','1C','movil',' ',3),(602,'Miercoles','14:30','1D','movil',' ',3),(603,'Miercoles','14:30','1E','movil',' ',3),(604,'Miercoles','14:30','2E','movil','',3),(605,'Miercoles','14:30','2G','movil','',3),(606,'Miercoles','14:30','3F','movil','',3),(607,'Miercoles','14:30','4A','movil',' ',3),(608,'Miercoles','14:30','4C','movil',' ',3),(612,'Miercoles','14:30','4G','movil','',3),(613,'Miercoles','14:30','5A','movil',' ',3),(614,'Miercoles','14:30','5B','movil',' ',3),(615,'Miercoles','14:30','5C','movil',' ',3),(616,'Miercoles','14:30','5G','movil',' ',3),(617,'Miercoles','14:30','6G','movil','',3),(618,'Miercoles','14:30','7C','movil','',3),(619,'Miercoles','14:30','7E','movil','',3),(620,'Jueves','11:30','1E','movil','',4),(622,'Jueves','11:30','2D','movil','',4),(623,'Jueves','11:30','2E','movil','',4),(624,'Jueves','11:30','2F','movil','',4),(625,'Jueves','11:30','2G','movil','',4),(626,'Jueves','11:30','3A','movil','',4),(627,'Jueves','11:30','3B','movil','',4),(628,'Jueves','11:30','3C','movil','',4),(629,'Jueves','11:30','3D','movil','',4),(630,'Jueves','11:30','3E','movil',' ',4),(631,'Jueves','11:30','3F','movil','',4),(632,'Jueves','11:30','4A','movil','',4),(633,'Jueves','11:30','4C','movil','',4),(634,'Jueves','11:30','4D','movil','',4),(635,'Jueves','11:30','4E','movil','',4),(636,'Jueves','11:30','4F','movil','',4),(637,'Jueves','11:30','4G','movil','',4),(638,'Jueves','11:30','5D','movil','',4),(639,'Jueves','11:30','5E','movil','',4),(640,'Jueves','11:30','5F','movil','',4),(641,'Jueves','11:30','5G','movil','',4),(642,'Jueves','11:30','6A','movil','',4),(643,'Jueves','11:30','6B','movil','',4),(644,'Jueves','11:30','6C','movil','',4),(645,'Jueves','11:30','6D','movil','',4),(646,'Jueves','11:30','6E','movil','',4),(647,'Jueves','11:30','6F','movil','',4),(648,'Jueves','11:30','6G','movil','',4),(649,'Jueves','11:30','7A','movil','',4),(650,'Jueves','11:30','7B','movil','',4),(651,'Jueves','11:30','7C','movil','',4),(652,'Jueves','11:30','7E','movil','',4),(653,'Jueves','12:00','1E','movil','',4),(654,'Jueves','12:00','5G','movil','',4),(655,'Jueves','12:00','7E','movil','',4),(657,'Jueves','12:30','5G','movil','',4),(659,'Jueves','13:00','4G','movil','',4),(660,'Jueves','13:00','5G','movil','',4),(661,'Jueves','13:00','6G','movil','',4),(662,'Jueves','13:00','7E','movil','',4),(663,'Jueves','13:30','1E','movil',' ',4),(664,'Jueves','13:30','2G','movil','',4),(665,'Jueves','13:30','6G','movil','',4),(666,'Jueves','13:30','7B','movil','',4),(667,'Jueves','14:00','1E','movil','',4),(668,'Jueves','14:00','2D','movil','',4),(670,'Jueves','14:00','5E','movil','',4),(671,'Jueves','14:00','6G','movil','',4),(672,'Jueves','14:00','7D','movil','',4),(673,'Jueves','14:00','7E','movil',' ',4),(674,'Jueves','14:30','1E','movil','',4),(675,'Jueves','14:30','2B','movil','',4),(676,'Jueves','14:30','2C','movil','',4),(677,'Jueves','14:30','2G','movil','',4),(678,'Jueves','14:30','3A','movil','',4),(679,'Jueves','14:30','3B','movil','',4),(680,'Jueves','14:30','4B','movil',' ',4),(681,'Jueves','14:30','4C','movil',' ',4),(682,'Jueves','14:30','4D','movil',' ',4),(683,'Jueves','14:30','4E','movil',' ',4),(684,'Jueves','14:30','4F','movil',' ',4),(685,'Jueves','14:30','4G','movil','',4),(686,'Jueves','14:30','5C','movil',' ',4),(687,'Jueves','14:30','5E','movil',' ',4),(688,'Jueves','14:30','5G','movil','',4),(689,'Jueves','14:30','6C','movil',' ',4),(690,'Jueves','14:30','6D','movil','',4),(691,'Jueves','14:30','6G','movil',' ',4),(692,'Jueves','14:30','7C','movil',' ',4),(693,'Jueves','14:30','7E','movil','',4),(694,'Viernes','11:30','1E','movil','',5),(696,'Viernes','11:30','2D','movil','',5),(697,'Viernes','11:30','2E','movil','',5),(698,'Viernes','11:30','2F','movil','',5),(699,'Viernes','11:30','2G','movil','',5),(700,'Viernes','11:30','3A','movil','',5),(701,'Viernes','11:30','3B','movil','',5),(702,'Viernes','11:30','3C','movil','',5),(703,'Viernes','11:30','3D','movil','',5),(704,'Viernes','11:30','3E','movil','',5),(705,'Viernes','11:30','3F','movil','',5),(706,'Viernes','11:30','4A','movil','',5),(707,'Viernes','11:30','4C','movil','',5),(708,'Viernes','11:30','4D','movil','',5),(709,'Viernes','11:30','4E','movil','',5),(710,'Viernes','11:30','4F','movil','',5),(711,'Viernes','11:30','4G','movil','',5),(712,'Viernes','11:30','5D','movil','',5),(713,'Viernes','11:30','5E','movil','',5),(714,'Viernes','11:30','5F','movil','',5),(715,'Viernes','11:30','5G','movil','',5),(716,'Viernes','11:30','6A','movil','',5),(717,'Viernes','11:30','6B','movil','',5),(718,'Viernes','11:30','6C','movil','',5),(719,'Viernes','11:30','6D','movil','',5),(720,'Viernes','11:30','6E','movil','',5),(721,'Viernes','11:30','6F','movil','',5),(722,'Viernes','11:30','6G','movil','',5),(723,'Viernes','11:30','7A','movil','',5),(724,'Viernes','11:30','7B','movil','',5),(725,'Viernes','11:30','7C','movil','',5),(726,'Viernes','11:30','7E','movil','',5),(727,'Viernes','12:00','1E','movil','',5),(729,'Viernes','12:00','7E','movil','',5),(731,'Viernes','12:30','5G','movil','',5),(733,'Viernes','13:00','4G','movil','',5),(735,'Viernes','13:00','6G','movil','',5),(736,'Viernes','13:00','7E','movil','',5),(737,'Viernes','13:30','1E','movil','',5),(738,'Viernes','13:30','2G','movil','',5),(739,'Viernes','14:00','1E','movil','',5),(740,'Viernes','14:00','2D','movil','',5),(741,'Viernes','14:00','2F','movil','',5),(743,'Viernes','14:00','5E','movil','',5),(744,'Viernes','14:00','6E','movil','',5),(745,'Viernes','14:00','6G','movil','',5),(746,'Viernes','14:00','7E','movil','',5),(747,'Viernes','14:30','1E','movil','',5),(748,'Viernes','14:30','2B','movil','',5),(749,'Viernes','14:30','2C','movil','',5),(750,'Viernes','14:30','2D','movil','',5),(751,'Viernes','14:30','2E','movil','',5),(752,'Viernes','14:30','2G','movil','',5),(753,'Viernes','14:30','3A','movil','',5),(754,'Viernes','14:30','3D','movil','',5),(755,'Viernes','14:30','3E','movil','',5),(756,'Viernes','14:30','3F','movil','',5),(757,'Viernes','14:30','4A','movil','',5),(758,'Viernes','14:30','4G','movil','',5),(759,'Viernes','14:30','5A','movil','',5),(760,'Viernes','14:30','5B','movil','',5),(761,'Viernes','14:30','5C','movil','',5),(762,'Viernes','14:30','5E','movil','',5),(763,'Viernes','14:30','5G','movil','',5),(764,'Viernes','14:30','6A','movil','',5),(765,'Viernes','14:30','6B','movil','',5),(766,'Viernes','14:30','6C','movil','',5),(767,'Viernes','14:30','6D','movil','',5),(768,'Viernes','14:30','6G','movil','',5),(769,'Viernes','14:30','7C','movil',' ',5),(770,'Viernes','14:30','7E','movil','',5),(771,'Lunes','14:00','5D','movil','',1),(772,'Martes','14:00','5D','movil','',2),(773,'Miercoles','14:00','5D','movil','',3),(774,'Jueves','14:00','5D','movil','',4),(775,'Viernes','14:00','5D','movil','',5),(776,'Lunes','14:00','3B','movil','',1),(777,'Martes','14:00','3B','movil','',2),(778,'Miercoles','14:00','3B','movil','',3),(779,'Jueves','14:00','3B','movil','',4),(780,'Viernes','14:00','3B','movil','',5),(781,'Lunes','11:30','2C','movil',' ',1),(782,'Martes','11:30','2C','movil','',2),(783,'Miercoles','11:30','2C','movil','',3),(784,'Jueves','11:30','2C','movil','',4),(785,'Viernes','11:30','2C','movil','',5);
/*!40000 ALTER TABLE `turnos` ENABLE KEYS */;
UNLOCK TABLES;

--
-- Table structure for table `usuarios`
--

DROP TABLE IF EXISTS `usuarios`;
/*!40101 SET @saved_cs_client     = @@character_set_client */;
/*!40101 SET character_set_client = utf8 */;
CREATE TABLE `usuarios` (
  `id_user` int(11) NOT NULL AUTO_INCREMENT,
  `nombre` varchar(45) NOT NULL,
  `apellido` varchar(45) NOT NULL,
  `legajo` varchar(45) NOT NULL,
  `tipo` varchar(45) NOT NULL,
  `id_sector` int(11) NOT NULL,
  `user` varchar(45) NOT NULL,
  `pass` varchar(45) DEFAULT NULL,
  PRIMARY KEY (`id_user`,`legajo`,`user`)
) ENGINE=InnoDB AUTO_INCREMENT=280 DEFAULT CHARSET=utf8;
/*!40101 SET character_set_client = @saved_cs_client */;

--
-- Dumping data for table `usuarios`
--

LOCK TABLES `usuarios` WRITE;
/*!40000 ALTER TABLE `usuarios` DISABLE KEYS */;
INSERT INTO `usuarios` VALUES (1,'Angel','Maidana','53','movil',1,'amaidana',''),(2,'Alberto','Monteiro','2','movil',1,'amonteiro',''),(3,'Alejandro','Santos','50','movil',1,'asantos',''),(4,'Gustavo','Almeida','51','movil',1,'galmeida',''),(5,'German','Balbuena','49','movil',1,'gbalbuena',''),(6,'Guillermo','Grumelli','3','movil',1,'ggrumelli','ggrumelli2021'),(7,'Luciano','deLuca','54','movil',1,'ldeluca',''),(8,'Maximiliano','Diaz','52','movil',1,'mdiaz',''),(9,'Rocio','Rodriguez','1','movil',1,'rrodriguez','rrodriguez2021'),(10,'Gabriel','Fernandez','263','movil',2,'gfernandez',''),(11,'Gustavo','Galarza','261','movil',2,'ggalarza','ggalarza2021'),(12,'Macarena','Corbalan','265','movil',2,'mcorbalan',''),(13,'Martin','Poggio','264','movil',2,'mpoggio',''),(14,'Pablo','Bertaccino','262','movil',2,'pbertaccino',''),(15,'Ariel','Alonso','193','movil',4,'aalonso',''),(16,'Alfredo','Ovando','208','movil',4,'aovando',''),(17,'Christian','Alvarado','194','movil',4,'calvarado',''),(18,'Cristian','Perez','209','movil',4,'cperez',''),(19,'Diego','Maidana','202','movil',4,'dmaidana',''),(20,'Emmanuel','Rios','213','movil',4,'erios',''),(21,'Flavio','Montivero','205','movil',4,'fmontivero',''),(22,'Gladys','Bobinac','37','movil',4,'gbobinac','gbobinac2021'),(23,'Gabriel','Paez','36','movil',4,'gpaez','gpaez2021'),(24,'Garcia','Sequera','215','movil',4,'gsequera',''),(25,'Ignacio','Salariato','214','movil',4,'isalariato',''),(26,'Jorge','Reyes','212','movil',4,'jreyes',''),(27,'Luis','De Mattia','197','movil',4,'lde mattia',''),(28,'Leonardo','Orfano','206','movil',4,'lorfano',''),(29,'Merlo','Vazquez','216','movil',4,'mvazquez',''),(30,'Pablo','Medina','204','movil',4,'pmedina',''),(31,'Pablo','Portela','210','movil',4,'pportela',''),(32,'Pablo','Protasiewicz','211','movil',4,'pprotasiewicz',''),(33,'Roberto','Bottelli','195','movil',4,'rbottelli',''),(34,'Ricardo','Centorbi','196','movil',4,'rcentorbi',''),(35,'Ricardo','Diarte','198','movil',4,'rdiarte',''),(36,'Rafael','Orona','207','movil',4,'rorona',''),(37,'Sebastian','Gomez Coria','200','movil',4,'sgomez',''),(38,'Sergio','Lemos','201','movil',4,'slemos',''),(39,'Sebastian','Medic Skontra','203','movil',4,'smedic',''),(40,'Sergio','Vera Lopez','217','movil',4,'svera lopez',''),(41,'Tomas','Gallardo','199','movil',4,'tgallardo',''),(42,'Alberto','Conil','73','movil',5,'aconil',''),(43,'Ariel','Gerige','79','movil',5,'agerige',''),(44,'Adrian','Godoy','102','movil',5,'agodoy',''),(45,'Alejandro','Luna','13','movil',5,'aluna','aluna2021'),(46,'Alberto','Medina','82','movil',5,'amedina',''),(47,'Agustin','Motta','88','movil',5,'amotta',''),(48,'Andres','Papini','89','movil',5,'apapini',''),(49,'Alejandro','Puntillo','86','movil',5,'apuntillo',''),(50,'Ariel','Semeniuk','98','movil',5,'asemeniuk',''),(51,'Alberto','Videla','8','movil',5,'avidela','avidela2021'),(52,'Claudio','Batto','6','movil',5,'cbatto','cbatto2021'),(53,'Carlos','Lestudie','138','movil',5,'clestudie',''),(54,'Claudia','Ponce','106','movil',5,'cponce',''),(55,'Carlos','Sad','94','movil',5,'csad',''),(56,'Diego','Llanos Medina','74','movil',5,'dllanos',''),(57,'Diego','Varas','137','movil',5,'dvaras',''),(58,'Eduardo','Caraballo Gonzalez','101','movil',5,'ecaraballo',''),(59,'Ercilio','Coitiño','91','movil',5,'ecoitiño',''),(60,'Edith','Firpo','120','movil',5,'efirpo',''),(61,'Fernando','Basso','16','movil',5,'fbasso','fbasso2021'),(62,'Fernando','Bazan','107','movil',5,'fbazan',''),(63,'Fernando','Sánchez','64','movil',5,'fsánchez',''),(64,'Gastón','Aicardi','58','movil',5,'gaicardi',''),(65,'Gabriela','Coria','130','movil',5,'gcoria',''),(66,'Gustavo','Espíndola','116','movil',5,'gespíndola',''),(67,'Gabriel','Maciel','77','movil',5,'gmaciel',''),(68,'Gonzalo','Nuñez','59','movil',5,'gnuñez',''),(69,'Gustavo','Santa Cruz','56','movil',5,'gsanta cruz',''),(70,'Gonzalo','Segovia','92','movil',5,'gsegovia',''),(71,'Hugo','Flores','97','movil',5,'hflores',''),(72,'Héctor','Palacios','99','movil',5,'hpalacios',''),(73,'Hector ','Villarreal','95','movil',5,'hvillarreal',''),(74,'Irma','Almada Fernandez','57','movil',5,'ialmada',''),(75,'Iván','Araujo','78','movil',5,'iaraujo',''),(76,'Irma','Carrizo','115','movil',5,'icarrizo',''),(77,'Iván','Lizarraga','114','movil',5,'ilizarraga',''),(78,'José','Ballesteros','122','movil',5,'jballesteros',''),(79,'Juan Pablo','Baltore','75','movil',5,'jbaltore',''),(80,'Julian','Boyer','129','movil',5,'jboyer',''),(81,'Jose Ignacio','Leon Garcia','68','movil',5,'jleon',''),(82,'Javier','Moscatelli','18','movil',5,'jmoscatelli','jmoscatelli2021'),(83,'Juan Domingo','Perea','87','movil',5,'jperea',''),(84,'Javier','Salega','17','movil',5,'jsalega','jsalega2021'),(85,'Javier','Sanchez','10','movil',5,'jsanchez','jsanchez2021'),(86,'Jerónimo','Sanchez','85','movil',5,'jasanchez',''),(87,'Javier','Soldani','55','movil',5,'jsoldani',''),(88,'Juan','Vercelli','62','movil',5,'jvercelli',''),(89,'Luis','Barrionuevo','11','movil',5,'lbarrionuevo','lbarrionuevo2021'),(90,'Leandro','Cáceres','15','movil',5,'lcaceres','lcaceres2021'),(91,'Liliana','Ernst','111','movil',5,'lernst',''),(92,'Leonardo','Fernandez','90','movil',5,'lfernandez',''),(93,'Lila','Gonzalez','103','movil',5,'lgonzalez',''),(94,'Liliana','Guaymas','127','movil',5,'lguaymas',''),(95,'Lizandro','Infantes Reyes','69','movil',5,'linfantes',''),(96,'Luis','Kauffmann','81','movil',5,'lkauffmann',''),(97,'Lidia','Kloberdanz','104','movil',5,'lkloberdanz',''),(98,'Luis','Massimino','192','movil',5,'lmassimino',''),(99,'Lucas','Pawluch','76','movil',5,'lpawluch',''),(100,'Leonardo','Raffaelli','14','movil',5,'lraffaelli','lraffaelli2021'),(101,'Lucas','Saldaña','71','movil',5,'lsaldaña',''),(102,'Leonardo','Segovia','12','movil',5,'lsegovia','lsegovia2021'),(103,'Leonardo','Simean','70','movil',5,'lsimean',''),(104,'Miguel','Abosaleh','60','movil',5,'mabosaleh',''),(105,'Monica','Aguirre','124','movil',5,'maguirre',''),(106,'Mariela','Armagnac','136','movil',5,'marmagnac',''),(107,'Monica','Boiero','128','movil',5,'mboiero',''),(108,'Marcelo','Cabrera','123','movil',5,'mcabrera',''),(109,'Maria Laura','Dejesus','118','movil',5,'mdejesus',''),(110,'Maxilimiano','Garro','96','movil',5,'mgarro',''),(111,'Matias','Lacabe','100','movil',5,'mlacabe',''),(112,'Marco','Martinez','93','movil',5,'mmartinez',''),(113,'Mónica','Ortiz','110','movil',5,'mortiz',''),(114,'Moron','Rodriguez','117','movil',5,'mrodriguez',''),(115,'Marcelo','Sanchez','80','movil',5,'msanchez',''),(116,'Marcos','Suarez','63','movil',5,'msuarez',''),(117,'Miguel','Viera','108','movil',5,'mviera',''),(118,'Nicolas','Calbanese','65','movil',5,'ncalbanese',''),(119,'Norma','Iribarren','133','movil',5,'niribarren',''),(120,'Nelson','Lemos','7','movil',5,'nlemos','nlemos2021'),(121,'Nancy','Ortega Ariza','121','movil',5,'nortega',''),(122,'Nahuel','Stark','66','movil',5,'nstark',''),(123,'Patricia','Bonamico','119','movil',5,'pbonamico',''),(124,'Patricio','Cabada','131','movil',5,'pcabada',''),(125,'Pablo','Zabala','4','movil',5,'pzabala','pzabala2021'),(126,'Roberto','Dellucchi','83','movil',5,'rdellucchi',''),(127,'Rocio','Gomez','134','movil',5,'rgomez',''),(128,'Ricardo','Toledo','105','movil',5,'rtoledo',''),(129,'Sebastian','Barrios','72','movil',5,'sbarrios',''),(130,'Sebastian','Cossettini','61','movil',5,'scossettini',''),(131,'Sebastian','Rios','125','movil',5,'srios',''),(132,'Sofía','Sequeira','112','movil',5,'ssequeira',''),(133,'Viviana','Di Vicenzo','113','movil',5,'vdivicenzo',''),(134,'Vanesa','Godoy','109','movil',5,'vgodoy',''),(135,'Vanesa','Sergio','135','movil',5,'vsergio',''),(136,'Valeria','Urquiza Cariizo','126','movil',5,'vurquiza',''),(137,'Walter','Echebarne','84','movil',5,'wechebarne',''),(138,'Walter','Mendez','9','movil',5,'wmendez','wmendez2021'),(139,'Walter','Vidal','5','movil',5,'wvidal','wvidal2021'),(140,'Armoa','Axel','247','movil',6,'aaxel',''),(141,'Atilio','Salvatierra','250','movil',6,'asalvatierra',''),(142,'Andrea','Ventrice','45','movil',6,'aventrice','aventrice2021'),(143,'Andrea','Zelwianski','255','movil',6,'azelwianski',''),(144,'Claudia','Benincasa','47','movil',6,'cbenincasa','cbenincasa2021'),(145,'Ernesto','Di Leo','248','movil',6,'edileo',''),(146,'Facundo','Sassano','239','movil',6,'fsassano',''),(147,'Ignacio','Posadas','242','movil',6,'iposadas',''),(148,'Ignacio','Vargas','245','movil',6,'ivargas',''),(149,'Jaquelina','Mendoza','238','movil',6,'jmendoza',''),(150,'Lisette','Monroy','246','movil',6,'lmonroy',''),(151,'Leonardo','Navarro','252','movil',6,'lnavarro',''),(152,'Matias','Cantero','240','movil',6,'mcantero',''),(153,'Marcela','Casal','237','movil',6,'mcasal',''),(155,'Marcela','Movio','253','movil',6,'mmovio',''),(156,'Noelia','Gomez','241','movil',6,'ngomez',''),(157,'Omar','Castro','254','movil',6,'ocastro',''),(158,'Solange','Alvarez','243','movil',6,'salvarez',''),(159,'Salome','Cerra','244','movil',6,'scerra',''),(160,'Valeria','Meli','46','movil',6,'vmeli','vmeli2021'),(161,'Victoria','Ruiz','251','movil',6,'vruiz',''),(162,'Brenda','Marquez','152','movil',7,'bmarquez',''),(163,'Claudio','Flecha','165','movil',7,'cflecha',''),(164,'Christian','Sanchez','166','movil',7,'csanchez',''),(165,'Debora','Campuzano','177','movil',7,'dcampuzano',''),(166,'Diego','Corti','21','movil',7,'dcorti','dcorti2021'),(167,'Duarte','Emilse','175','movil',7,'demilse',''),(168,'Dario','Hazan','146','movil',7,'dhazan',''),(169,'Diego','Rojas','159','movil',7,'drojas',''),(170,'Diego','Vitale','173','movil',7,'dvitale',''),(171,'Edgary','Bolivar','158','movil',7,'ebolivar',''),(172,'Francisco','Galarza ','162','movil',7,'fgalarza ',''),(173,'Fernando','Girlando','167','movil',7,'fgirlando',''),(174,'Facundo','Mongelos','160','movil',7,'fmongelos',''),(175,'Fernanda','Montes','161','movil',7,'fmontes',''),(176,'Francisco','Portela','148','movil',7,'fportela',''),(177,'Fernando','Villareal','176','movil',7,'fvillareal',''),(178,'Gustavo','Arrieta','174','movil',7,'garrieta',''),(179,'Gisela','Bonfiglio','20','movil',7,'gbonfiglio','gbonfiglio2021'),(180,'Gustavo','Castro','172','movil',7,'gcastro',''),(181,'Guadalupe','Gallego','25','movil',7,'ggallego','ggallego2021'),(182,'Gabriel','Sacaba','139','movil',7,'gsacaba',''),(183,'Guillermo','Scarano','22','movil',7,'gscarano','gscarano2021'),(184,'Hugo','Andino','154','movil',7,'handino',''),(185,'Ines','Franco','24','movil',7,'ifranco','ifranco2021'),(186,'Juan','Cosman','178','movil',7,'jcosman',''),(187,'Jesica','Jorge','153','movil',7,'jjorge',''),(188,'Luis','Espinoza','155','movil',7,'lespinoza',''),(189,'Lorena','Galindez','143','movil',7,'lgalindez',''),(190,'Matias','Inveraldi','144','movil',7,'minveraldi',''),(191,'Matias','Lopez','180','movil',7,'mlopez',''),(192,'Myriam','Navarro','145','movil',7,'mnavarro',''),(194,'Miriam','Piermarteri','150','movil',7,'mpiermarteri',''),(195,'Marcelo','Portioli','151','movil',7,'mportioli',''),(196,'Mariano','Sole','147','movil',7,'msole',''),(197,'Nerina','Diaz','23','movil',7,'ndiaz','ndiaz2021'),(198,'Nora','Gonzalez','149','movil',7,'ngonzalez',''),(199,'Noemi','Videla','157','movil',7,'nvidela',''),(200,'Omar','Flores','19','movil',7,'oflores','oflores2021'),(201,'Pablo','Regueiro','26','movil',7,'pregueiro','pregueiro2021'),(202,'Rolon','Claudia','142','movil',7,'rclaudia',''),(203,'Romina','Higa','164','movil',7,'rhiga',''),(204,'Rodolfo','Kappes','140','movil',7,'rkappes',''),(205,'Roa','Luz','179','movil',7,'rluz',''),(206,'Rolando','Suarez','171','movil',7,'rsuarez',''),(207,'Sebastian','Bossio','169','movil',7,'sbossio',''),(208,'Susana','Ponce','168','movil',7,'sponce',''),(209,'Viviana','Di Vincenzo','141','movil',7,'vdivincenzo',''),(210,'Veronica','Fernandez','170','movil',7,'vfernandez',''),(211,'Valeria','Shimabukuro','156','movil',7,'vshimabukuro',''),(212,'Alexandro','Aguiar','189','movil',8,'aaguiar',''),(213,'Emiliano','Diaz','190','movil',8,'ediaz',''),(214,'Estanislao','Malecek','32','movil',8,'emalecek','emalecek2021'),(215,'Hernan','Urribarri','34','movil',8,'hurribarri','hurribarri2021'),(216,'Jose','Velazquez','33','movil',8,'jvelazquez','jvelazquez2021'),(217,'Leandro','Amodey','187','movil',8,'lamodey',''),(218,'Lucas','Galletti','35','movil',8,'lgalletti','aplicacionescramer'),(219,'Maximino','Figueroa','191','movil',8,'mfigueroa',''),(220,'Maximiliano','Lembo','188','movil',8,'mlembo',''),(221,'Alejandro','Cantoni','181','movil',9,'acantoni',''),(222,'Franco','Benitez','27','movil',9,'fbenitez','fbenitez2021'),(223,'Federico','Muzio','29','movil',9,'fmuzio','fmuzio2021'),(224,'Fabian','Ulloa','28','movil',9,'fulloa','fulloa2021'),(225,'Georgina','Manson','182','movil',9,'gmanson',''),(226,'Yohanna','Calatayud','183','movil',9,'ycalatayud',''),(227,'Daniel','Scibilia','30','movil',10,'dscibilia','dscibilia2021'),(228,'Esteban','Abalo','31','movil',10,'eabalo','eabalo2021'),(229,'Florencia','Ibañez','185','movil',10,'fibañez',''),(230,'Glenda','Pollard','184','movil',10,'gpollard',''),(231,'Merlyn','Ramirez','186','movil',10,'mramirez',''),(232,'Alfonsina','Cepeda','223','movil',11,'acepeda',''),(233,'Alejandra','DAvila','235','movil',11,'adavila',''),(234,'Christian','Arias','232','movil',11,'carias',''),(235,'Celeste','Juliano','38','movil',11,'cjuliano','cjuliano2021'),(236,'Diego','Fontanille','231','movil',11,'dfontanille',''),(237,'Elena','Ruiz','41','movil',11,'eruiz','eruiz2021'),(238,'Florencia','Delfino','228','movil',11,'fdelfino',''),(239,'Florencia','Rossi','42','movil',11,'frossi','frossi2021'),(240,'Fernanda','Villagra','43','movil',11,'fvillagra','fvillagra2021'),(241,'Gustavo','Garcia','44','movil',11,'ggarcia','ggarcia2021'),(242,'Gisele','Rios','234','movil',11,'grios',''),(243,'Ivan','Amosyonok','224','movil',11,'iamosyonok',''),(244,'Karina','De Luca','226','movil',11,'kdeluca',''),(245,'Leonardo','Pandolfo','220','movil',11,'lpandolfo',''),(246,'Luz','Sanchez','222','movil',11,'lsanchez',''),(247,'Marcelo','Ayala','218','movil',11,'mayala',''),(248,'Melisa','Di Chiara','230','movil',11,'mdichiara',''),(249,'Monica','Poggi','236','movil',11,'mpoggi',''),(250,'Patricia','Corpus','39','movil',11,'pcorpus','pcorpus2021'),(251,'Paola','Perez','227','movil',11,'pperez',''),(252,'Ricardo','Lancellotti','221','movil',11,'rlancellotti',''),(253,'Yamila','Paroli','40','movil',11,'yparoli','yparoli2021'),(254,'Cristian','Magariños','259','movil',12,'cmagariños',''),(255,'Fernando','Costa','257','movil',12,'fcosta',''),(256,'Monica','Rosenberg','48','movil',12,'mrosenberg','mrosenberg2021'),(257,'Paula','Aronne','256','movil',12,'paronne',''),(258,'Sebastian','Danieri','258','movil',12,'sdanieri',''),(259,'Silvia','Gomez Portillo','260','movil',12,'sgportillo',''),(260,'Alan','Canosa','267','movil',13,'acanosa',''),(261,'Ana','Corigliano','266','movil',13,'acorigliano','acorigliano2021'),(262,'Clara','Curcio','268','movil',13,'ccurcio',''),(263,'Guadalupe','Gabal','269','movil',13,'ggabal','ggabal2021'),(264,'Anibal','Santucho','277','movil',14,'asantucho',''),(265,'Carlos','Favata','270','movil',14,'cfavata','cfavata2021'),(266,'Fabricio','Carbonetti','273','movil',14,'fcarbonetti',''),(267,'Gabriel','Marcovecchio','278','movil',14,'gmarcovecchio',''),(268,'Lior','Behar','274','movil',14,'lbehar',''),(269,'Nahuel','Ricchini','275','movil',14,'nricchini',''),(270,'Pedro','Valerio','272','movil',14,'pvalerio',''),(271,'Rodrigo','Fernandez','271','movil',14,'rfernandez',''),(272,'Raul','Momblanc','276','movil',14,'rmomblanc',''),(273,'Ignacio','Toledo','277','movil',3,'itoledo','itoledo2021'),(274,'Virginia','Garzon','278','movil',3,'vgarzon','vgarzon2021'),(275,'Paula','Moyano','279','movil',3,'pmoyano','pmoyano2021'),(276,'Juan','Huala','280','movil',10,'jhuala',NULL),(277,'Sergio','Ramirez','281','movil',14,'sramirez',NULL),(278,'Karla','Gonzalez','282','movil',11,'kgonzalez',NULL),(279,'Mariano','Bardelli','283','movil',7,'mbardelli',NULL);
/*!40000 ALTER TABLE `usuarios` ENABLE KEYS */;
UNLOCK TABLES;

--
-- Dumping routines for database 'turnos_comedor'
--
/*!40103 SET TIME_ZONE=@OLD_TIME_ZONE */;

/*!40101 SET SQL_MODE=@OLD_SQL_MODE */;
/*!40014 SET FOREIGN_KEY_CHECKS=@OLD_FOREIGN_KEY_CHECKS */;
/*!40014 SET UNIQUE_CHECKS=@OLD_UNIQUE_CHECKS */;
/*!40101 SET CHARACTER_SET_CLIENT=@OLD_CHARACTER_SET_CLIENT */;
/*!40101 SET CHARACTER_SET_RESULTS=@OLD_CHARACTER_SET_RESULTS */;
/*!40101 SET COLLATION_CONNECTION=@OLD_COLLATION_CONNECTION */;
/*!40111 SET SQL_NOTES=@OLD_SQL_NOTES */;

-- Dump completed on 2022-02-14 15:31:16
